"Aᵢ Over 4 Classes","Initial βᵢ²","New βᵢ²","Initial Gᵢ","New Gᵢ","Initial β = 0.5511","New β = 0.2719"
0.50,0.25500,0.01,0.30000,0.01
0.20,0.03800,0.02,0.10000,0.05
0.10,0.00975,0.02,0.05000,0.10
0.05,0.00100,0.03,0.01000,0.30